filename,imagename,imageID,url,isTarget,hit,miss,fa,cr,name,HR,FAR,imagename,score,group,index,count,responseCount,Feature congestion,Entropy,Number of edges,fileindex,0
2015 Berge 10.1109/SciVis.2015.7429489 c 2.png,bio722.png,I892,http://web.cse.ohio-state.edu/~li.8950/data/image/bio768/bio722.png,1,56,31,1,251,I892,0.6437,0.004,bio722.png,3.020436272,1,892,252,77,2.4721,5.598,10.5857,146,146
2009 Chuang 10.1109/TVCG.2009.150 c 5.png,bio189.png,I780,http://web.cse.ohio-state.edu/~li.8950/data/image/bio768/bio189.png,1,46,10,13,233,I780,0.8214,0.0528,bio189.png,2.539004083,1,780,246,62,3.8401,4.8111,7.5714,34,34
2010 Zeng 10.1109/TVCG.2010.200 c 9.png,bio387.png,I826,http://web.cse.ohio-state.edu/~li.8950/data/image/bio768/bio387.png,1,61,14,12,227,I826,0.8133,0.0502,bio387.png,2.533040228,1,826,239,67,5.5512,4.4121,5.6646,80,80
2017 Mindek 10.1109/TVCG.2017.2744518 c 4.png,bio859.png,I921,http://web.cse.ohio-state.edu/~li.8950/data/image/bio768/bio859.png,1,37,30,2,226,I921,0.5522,0.0088,bio859.png,2.505149236,1,921,228,85,2.0353,4.2166,2.2179,175,175
2010 Kok 10.1109/TVCG.2010.134 c 3.png,bio315.png,I811,http://web.cse.ohio-state.edu/~li.8950/data/image/bio768/bio315.png,1,32,12,7,231,I811,0.7273,0.0294,bio315.png,2.494353178,1,811,238,77,3.9777,2.1762,2.916,65,65
2009 Chen 10.1109/TVCG.2009.203 c 3.png,bio178.png,I777,http://web.cse.ohio-state.edu/~li.8950/data/image/bio768/bio178.png,1,29,25,2,230,I777,0.537,0.0086,bio178.png,2.475282951,1,777,232,70,10.1823,7.22,14.2893,31,31
2017 Klein 10.1109/TVCG.2017.2744258 c 9.png,bio847.png,I918,http://web.cse.ohio-state.edu/~li.8950/data/image/bio768/bio847.png,1,33,31,2,232,I918,0.5156,0.0085,bio847.png,2.425821106,1,918,234,71,4.9914,6.5149,17.7511,172,172
2014 Glaßer 10.1109/TVCG.2014.2346406 c 2.png,bio668.png,I881,http://web.cse.ohio-state.edu/~li.8950/data/image/bio768/bio668.png,1,44,24,5,234,I881,0.6471,0.0209,bio668.png,2.413008634,1,881,236,67,4.8755,6.7669,5.4885,135,135
2014 Born 10.1109/TVCG.2014.2346459 c 6.png,bio661.png,I878,http://web.cse.ohio-state.edu/~li.8950/data/image/bio768/bio661.png,1,41,31,3,230,I878,0.5694,0.0129,bio661.png,2.404055847,1,878,229,71,3.5751,5.5461,5.7098,132,132
2008 Cipriano 10.1109/TVCG.2008.168 c 1.png,bio22.png,I752,http://web.cse.ohio-state.edu/~li.8950/data/image/bio768/bio22.png,1,46,11,17,205,I752,0.807,0.0766,bio22.png,2.29521338,1,752,219,75,4.5852,6.2473,6.9995,6,6
2009 Ropinski 10.1109/TVCG.2009.169 c 3.png,bio255.png,I798,http://web.cse.ohio-state.edu/~li.8950/data/image/bio768/bio255.png,1,30,35,2,228,I798,0.4615,0.0087,bio255.png,2.281489148,1,798,228,77,2.644,5.2754,3.3685,52,52
2017 Magnus 10.1109/TVCG.2017.2744438 c 1.png,bio848.png,I919,http://web.cse.ohio-state.edu/~li.8950/data/image/bio768/bio848.png,1,28,26,3,216,I919,0.5185,0.0137,bio848.png,2.252160795,1,919,216,74,2.1928,6.3854,5.1972,173,173
2010 Kok 10.1109/TVCG.2010.134 c 2.png,bio314.png,I810,http://web.cse.ohio-state.edu/~li.8950/data/image/bio768/bio314.png,1,29,14,8,210,I810,0.6744,0.0367,bio314.png,2.242431211,1,810,216,76,4.7132,4.5002,6.7815,64,64
2015 Kappe 10.1109/TVCG.2015.2467291 c 2.png,bio723.png,I893,http://web.cse.ohio-state.edu/~li.8950/data/image/bio768/bio723.png,1,40,34,4,233,I893,0.5405,0.0169,bio723.png,2.224143061,1,893,234,70,2.5672,5.3996,16.1995,147,147
2017 Klein 10.1109/TVCG.2017.2744258 c 4.png,bio842.png,I916,http://web.cse.ohio-state.edu/~li.8950/data/image/bio768/bio842.png,1,45,21,10,237,I916,0.6818,0.0405,bio842.png,2.217651238,1,916,243,61,6.5377,6.1876,16.2346,170,170
2009 Zachow 10.1109/TVCG.2009.198 c 8.png,bio285.png,I803,http://web.cse.ohio-state.edu/~li.8950/data/image/bio768/bio285.png,1,38,24,7,247,I803,0.6129,0.0276,bio285.png,2.204184152,1,803,250,61,5.8452,6.2112,16.0286,57,57
2010 Jeong 10.1109/TVCG.2010.168 c 5.png,bio308.png,I808,http://web.cse.ohio-state.edu/~li.8950/data/image/bio768/bio308.png,1,30,31,3,209,I808,0.4918,0.0142,bio308.png,2.171160473,1,808,208,67,2.7251,5.1056,14.0551,62,62
2010 Jeong 10.1109/TVCG.2010.168 c 3.png,bio306.png,I807,http://web.cse.ohio-state.edu/~li.8950/data/image/bio768/bio306.png,1,33,36,3,221,I807,0.4783,0.0134,bio306.png,2.159997866,1,807,222,61,2.4014,6.7312,17.1651,61,61
2016 Nadeem 10.1109/TVCG.2016.2598791 c 7.png,bio794.png,I905,http://web.cse.ohio-state.edu/~li.8950/data/image/bio768/bio794.png,1,51,11,25,202,I905,0.8226,0.1101,bio794.png,2.151315476,1,905,220,82,3.111,5.2457,4.8701,159,159
2011 Pelt 10.1109/TVCG.2011.215 c 1.png,bio470.png,I839,http://web.cse.ohio-state.edu/~li.8950/data/image/bio768/bio470.png,1,31,30,4,231,I839,0.5082,0.017,bio470.png,2.140627489,1,839,224,65,2.719,7.7309,5.1417,93,93
2013 Reh 10.1109/TVCG.2013.177 c 1.png,bio626.png,I872,http://web.cse.ohio-state.edu/~li.8950/data/image/bio768/bio626.png,1,30,29,4,228,I872,0.5085,0.0172,bio626.png,2.136659455,1,872,217,76,3.8709,3.8636,4.9958,126,126
2013 Ehlke 10.1109/TVCG.2013.159 c 4.png,bio574.png,I861,http://web.cse.ohio-state.edu/~li.8950/data/image/bio768/bio574.png,1,44,25,9,232,I861,0.6377,0.0373,bio574.png,2.135233586,1,861,218,67,5.3747,5.217,11.7591,115,115
2011 Ruiz 10.1109/TVCG.2011.173 c 8.png,bio492.png,I843,http://web.cse.ohio-state.edu/~li.8950/data/image/bio768/bio492.png,1,43,15,15,204,I843,0.7414,0.0685,bio492.png,2.134723625,1,843,208,81,3.3172,5.0812,8.3727,97,97
2016 Smit 10.1109/TVCG.2016.2598826 c 1.png,bio801.png,I907,http://web.cse.ohio-state.edu/~li.8950/data/image/bio768/bio801.png,1,28,27,4,218,I907,0.5091,0.018,bio801.png,2.119739725,1,907,200,77,2.2565,4.7628,2.338,161,161
2013 Zhang 10.1109/TVCG.2013.172 c 2.png,bio629.png,I874,http://web.cse.ohio-state.edu/~li.8950/data/image/bio768/bio629.png,1,48,12,23,204,I874,0.8,0.1013,bio629.png,2.115800194,1,874,201,77,1.667,3.4946,5.2967,128,128
2009 Jeong 10.1109/TVCG.2009.178 c 7.png,bio229.png,I788,http://web.cse.ohio-state.edu/~li.8950/data/image/bio768/bio229.png,1,33,16,11,210,I788,0.6735,0.0498,bio229.png,2.09639438,1,788,194,78,4.0716,6.6753,10.1306,42,42
2014 Ju 10.1109/TVCG.2014.2346412 c 1.png,bio684.png,I883,http://web.cse.ohio-state.edu/~li.8950/data/image/bio768/bio684.png,1,33,41,3,230,I883,0.4459,0.0129,bio684.png,2.09318211,1,883,202,61,1.982,2.6531,6.1365,137,137
2013 Zhang 10.1109/TVCG.2013.172 c 1.png,bio628.png,I873,http://web.cse.ohio-state.edu/~li.8950/data/image/bio768/bio628.png,1,53,21,14,204,I873,0.7162,0.0642,bio628.png,2.092031366,1,873,183,71,1.5035,2.3968,5.4296,127,127
2014 Lindow 10.1109/TVCG.2014.2346404 c 3.png,bio700.png,I887,http://web.cse.ohio-state.edu/~li.8950/data/image/bio768/bio700.png,1,21,52,1,248,I887,0.2877,0.004,bio700.png,2.091953342,1,887,221,80,3.2196,3.3916,3.2432,141,141
2010 Saad 10.1109/TVCG.2010.152 c 11.png,bio351.png,I816,http://web.cse.ohio-state.edu/~li.8950/data/image/bio768/bio351.png,1,37,38,4,222,I816,0.4933,0.0177,bio351.png,2.086957785,1,816,194,70,2.6289,2.4476,3.517,70,70
2014 Mirzargar 10.1109/TVCG.2014.2346455 c 9.png,bio707.png,I889,http://web.cse.ohio-state.edu/~li.8950/data/image/bio768/bio707.png,1,26,35,3,241,I889,0.4262,0.0123,bio707.png,2.061569677,1,889,202,61,4.1144,5.1516,6.4766,143,143
2010 Tikhonova 10.1109/TVCG.2010.215a c 1.png,bio360.png,I820,http://web.cse.ohio-state.edu/~li.8950/data/image/bio768/bio360.png,1,52,16,22,221,I820,0.7647,0.0905,bio360.png,2.059185527,1,820,189,67,3.684,6.9092,9.5925,74,74
2008 Wang 10.1109/TVCG.2008.132 c 3.png,bio144.png,I769,http://web.cse.ohio-state.edu/~li.8950/data/image/bio768/bio144.png,1,35,22,9,221,I769,0.614,0.0391,bio144.png,2.050986746,1,769,176,77,3.9267,4.8688,4.8123,23,23
2012 Jönsson 10.1109/TVCG.2012.232 c 1.png,bio534.png,I855,http://web.cse.ohio-state.edu/~li.8950/data/image/bio768/bio534.png,1,45,9,31,191,I855,0.8333,0.1396,bio534.png,2.049406384,1,855,177,69,4.5681,6.5632,7.1751,109,109
2008 Bürger 10.1109/TVCG.2008.120 c 6.png,bio6.png,I747,http://web.cse.ohio-state.edu/~li.8950/data/image/bio768/bio6.png,1,40,18,15,218,I747,0.6897,0.0644,bio6.png,2.013851191,1,747,158,71,3.4047,5.7481,8.6293,1,1
2012 Fout 10.1109/TVCG.2012.22 c 2.png,bio514.png,I849,http://web.cse.ohio-state.edu/~li.8950/data/image/bio768/bio514.png,1,40,30,8,228,I849,0.5714,0.0339,bio514.png,2.006273362,1,849,161,67,3.8691,5.3438,7.8787,103,103
2013 Jackson 10.1109/TVCG.2013.121 c 12.png,bio590.png,I864,http://web.cse.ohio-state.edu/~li.8950/data/image/bio768/bio590.png,1,53,18,22,223,I864,0.7465,0.0898,bio590.png,2.005503862,1,864,186,79,2.4462,6.5296,13.3783,118,118
2009 Zhou 10.1109/TVCG.2009.120 c 1.png,bio287.png,I804,http://web.cse.ohio-state.edu/~li.8950/data/image/bio768/bio287.png,1,36,27,8,223,I804,0.5714,0.0346,bio287.png,1.997051358,1,804,155,69,2.8408,6.2194,8.5305,58,58
2013 Köhler 10.1109/TVCG.2013.189 c 5.png,bio605.png,I868,http://web.cse.ohio-state.edu/~li.8950/data/image/bio768/bio605.png,1,38,22,11,212,I868,0.6333,0.0493,bio605.png,1.99228531,1,868,142,84,5.5384,6.4112,5.9687,122,122
2017 Klein 10.1109/TVCG.2017.2744258 c 11.png,bio834.png,I914,http://web.cse.ohio-state.edu/~li.8950/data/image/bio768/bio834.png,1,33,35,5,228,I914,0.4853,0.0215,bio834.png,1.986854213,1,914,150,74,2.7004,5.9526,16.9543,168,168
2013 Jackson 10.1109/TVCG.2013.121 c 9.png,bio598.png,I865,http://web.cse.ohio-state.edu/~li.8950/data/image/bio768/bio598.png,1,49,17,21,210,I865,0.7424,0.0909,bio598.png,1.985995511,1,865,149,81,2.0655,5.786,9.6242,119,119
2015 Weiss 10.1109/TVCG.2015.2467412 c 1.png,bio770.png,I902,http://web.cse.ohio-state.edu/~li.8950/data/image/bio768/bio770.png,1,30,32,5,228,I902,0.4839,0.0215,bio770.png,1.983342315,1,902,146,73,2.8544,6.353,6.4696,156,156
2008 Schultz 10.1109/TVCG.2008.128 c 3.png,bio109.png,I765,http://web.cse.ohio-state.edu/~li.8950/data/image/bio768/bio109.png,1,39,30,9,252,I765,0.5652,0.0345,bio109.png,1.982586355,1,765,149,76,3.2683,6.9573,6.5281,19,19
2008 Meyer-Spradow 10.1109/TVCG.2008.136 c 6.png,bio102.png,I763,http://web.cse.ohio-state.edu/~li.8950/data/image/bio768/bio102.png,1,44,21,15,218,I763,0.6769,0.0644,bio102.png,1.977898599,1,763,139,64,4.175,5.0411,6.2238,17,17
2010 Saad 10.1109/TVCG.2010.152 c 6.png,bio356.png,I819,http://web.cse.ohio-state.edu/~li.8950/data/image/bio768/bio356.png,1,28,44,3,248,I819,0.3889,0.012,bio356.png,1.97494208,1,819,150,61,1.9399,1.4879,2.4564,73,73
2010 Zeng 10.1109/TVCG.2010.200 c 3.png,bio381.png,I824,http://web.cse.ohio-state.edu/~li.8950/data/image/bio768/bio381.png,1,46,15,25,224,I824,0.7541,0.1004,bio381.png,1.96672439,2,824,134,67,5.427,4.5639,7.2013,78,78
2010 Zeng 10.1109/TVCG.2010.200 c 2.png,bio380.png,I823,http://web.cse.ohio-state.edu/~li.8950/data/image/bio768/bio380.png,1,37,18,15,217,I823,0.6727,0.0647,bio380.png,1.963853168,2,823,114,82,3.8759,4.385,5.0567,77,77
2017 Klein 10.1109/TVCG.2017.2744258 c 10.png,bio833.png,I913,http://web.cse.ohio-state.edu/~li.8950/data/image/bio768/bio833.png,1,33,22,10,218,I913,0.6,0.0439,bio833.png,1.96046576,2,913,109,72,3.7732,6.9868,22.2585,167,167
2010 Yu 10.1109/TVCG.2010.157 c 3.png,bio370.png,I822,http://web.cse.ohio-state.edu/~li.8950/data/image/bio768/bio370.png,1,39,22,13,226,I822,0.6393,0.0544,bio370.png,1.960198555,2,822,108,64,3.7435,7.3097,9.1305,76,76
2017 Usher 10.1109/TVCG.2017.2744079 c 3.png,bio889.png,I925,http://web.cse.ohio-state.edu/~li.8950/data/image/bio768/bio889.png,1,41,15,21,210,I925,0.7321,0.0909,bio889.png,1.954409942,2,925,116,76,1.6826,3.7238,3.4226,179,179
2009 Banks 10.1109/TVCG.2009.137 c 1.png,bio149.png,I771,http://web.cse.ohio-state.edu/~li.8950/data/image/bio768/bio149.png,1,42,24,13,221,I771,0.6364,0.0556,bio149.png,1.941675134,2,771,92,72,1.8418,6.485,5.7953,25,25
2013 Kretschmer 10.1109/TVCG.2013.169 c 6.png,bio619.png,I870,http://web.cse.ohio-state.edu/~li.8950/data/image/bio768/bio619.png,1,32,23,9,206,I870,0.5818,0.0419,bio619.png,1.935551287,2,870,78,64,3.5863,2.5842,6.9428,124,124
2009 Jeong 10.1109/TVCG.2009.178 c 1.png,bio223.png,I785,http://web.cse.ohio-state.edu/~li.8950/data/image/bio768/bio223.png,1,36,28,9,224,I785,0.5625,0.0386,bio223.png,1.924479265,2,785,96,61,5.9899,5.8336,11.162,39,39
2010 Khoury 10.1109/TVCG.2010.182 c 2.png,bio311.png,I809,http://web.cse.ohio-state.edu/~li.8950/data/image/bio768/bio311.png,1,44,14,27,215,I809,0.7586,0.1116,bio311.png,1.919869338,2,809,86,62,2.5973,4.8986,7.1598,63,63
2008 Joshi 10.1109/TVCG.2008.150 c 6.png,bio64.png,I758,http://web.cse.ohio-state.edu/~li.8950/data/image/bio768/bio64.png,1,36,18,16,209,I758,0.6667,0.0711,bio64.png,1.898466471,2,758,81,68,2.1467,5.873,8.5623,12,12
2011 Koehler 10.1109/TVCG.2011.260 c 19.png,bio449.png,I837,http://web.cse.ohio-state.edu/~li.8950/data/image/bio768/bio449.png,1,37,31,9,234,I837,0.5441,0.037,bio449.png,1.897381771,2,837,89,71,5.5348,3.9474,7.7236,91,91
2009 Jeong 10.1109/TVCG.2009.178 c 5.png,bio227.png,I786,http://web.cse.ohio-state.edu/~li.8950/data/image/bio768/bio227.png,1,24,43,3,237,I786,0.3582,0.0125,bio227.png,1.878128442,2,786,69,61,3.7166,5.2636,10.3181,40,40
2009 Chuang 10.1109/TVCG.2009.150 c 4.png,bio188.png,I779,http://web.cse.ohio-state.edu/~li.8950/data/image/bio768/bio188.png,1,36,34,8,236,I779,0.5143,0.0328,bio188.png,1.876999598,2,779,55,61,2.4187,4.9827,9.5804,33,33
2008 Krüger 10.1109/TVCG.2008.161 c 1.png,bio68.png,I760,http://web.cse.ohio-state.edu/~li.8950/data/image/bio768/bio68.png,1,27,34,5,225,I760,0.4426,0.0217,bio68.png,1.875459352,2,760,66,65,3.1213,7.1801,8.0856,14,14
2009 Jeong 10.1109/TVCG.2009.178 c 8.png,bio230.png,I789,http://web.cse.ohio-state.edu/~li.8950/data/image/bio768/bio230.png,1,38,28,11,225,I789,0.5758,0.0466,bio230.png,1.869914292,2,789,56,64,5.4961,5.1812,11.9021,43,43
2011 Sundén 10.1109/TVCG.2011.211 c 2.png,bio499.png,I845,http://web.cse.ohio-state.edu/~li.8950/data/image/bio768/bio499.png,1,49,21,20,202,I845,0.7,0.0901,bio499.png,1.864540001,2,845,50,66,2.2142,6.1366,7.322,99,99
2014 Choi 10.1109/TVCG.2014.2346322 c 3.png,bio664.png,I879,http://web.cse.ohio-state.edu/~li.8950/data/image/bio768/bio664.png,1,36,32,9,233,I879,0.5294,0.0372,bio664.png,1.85790736,2,879,52,76,4.022,5.3424,8.1555,133,133
2017 Bock 10.1109/TVCG.2017.2743980 c 7.png,bio822.png,I911,http://web.cse.ohio-state.edu/~li.8950/data/image/bio768/bio822.png,1,33,25,11,225,I911,0.569,0.0466,bio822.png,1.852582797,2,911,56,62,2.3358,3.9381,9.0385,165,165
2010 Tikhonova 10.1109/TVCG.2010.215a c 8.png,bio367.png,I821,http://web.cse.ohio-state.edu/~li.8950/data/image/bio768/bio367.png,1,29,31,7,212,I821,0.4833,0.032,bio367.png,1.810306934,2,821,40,61,4.02,7.1046,12.2465,75,75
2009 Everts 10.1109/TVCG.2009.138 c 14.png,bio216.png,I784,http://web.cse.ohio-state.edu/~li.8950/data/image/bio768/bio216.png,1,49,23,22,220,I784,0.6806,0.0909,bio216.png,1.804610563,2,784,52,69,11.0272,6.224,22.3622,38,38
2017 Klein 10.1109/TVCG.2017.2744258 c 3.png,bio841.png,I915,http://web.cse.ohio-state.edu/~li.8950/data/image/bio768/bio841.png,1,41,17,25,212,I915,0.7069,0.1055,bio841.png,1.795171367,2,915,42,66,7.6057,6.466,15.4137,169,169
2013 Ehlke 10.1109/TVCG.2013.159 c 1.png,bio569.png,I860,http://web.cse.ohio-state.edu/~li.8950/data/image/bio768/bio569.png,1,35,32,10,229,I860,0.5224,0.0418,bio569.png,1.786347486,2,860,41,76,4.6611,4.8993,11.0092,114,114
2010 Lindholm 10.1109/TVCG.2010.195 c 2.png,bio322.png,I812,http://web.cse.ohio-state.edu/~li.8950/data/image/bio768/bio322.png,1,30,39,6,225,I812,0.4348,0.026,bio322.png,1.778967159,2,812,34,64,6.6374,6.3709,11.2727,66,66
2008 Zhou 10.1109/TVCG.2008.176 c 1.png,bio148.png,I770,http://web.cse.ohio-state.edu/~li.8950/data/image/bio768/bio148.png,1,34,31,10,222,I770,0.5231,0.0431,bio148.png,1.773728157,2,770,33,68,2.5347,5.5476,6.0605,24,24
2017 Klein 10.1109/TVCG.2017.2744258 c 5.png,bio843.png,I917,http://web.cse.ohio-state.edu/~li.8950/data/image/bio768/bio843.png,1,29,16,18,204,I917,0.6444,0.0811,bio843.png,1.767955499,2,917,27,79,5.8348,6.2637,11.8778,171,171
2009 Keefe 10.1109/TVCG.2009.152 c 4.png,bio241.png,I793,http://web.cse.ohio-state.edu/~li.8950/data/image/bio768/bio241.png,1,40,17,27,221,I793,0.7018,0.1089,bio241.png,1.761983762,2,793,28,62,3.7092,4.9031,7.645,47,47
2009 Wan 10.1109/TVCG.2009.118 c 5.png,bio273.png,I802,http://web.cse.ohio-state.edu/~li.8950/data/image/bio768/bio273.png,1,31,30,10,227,I802,0.5082,0.0422,bio273.png,1.746263566,2,802,25,72,2.4547,6.5011,15.4432,56,56
2016 Schneider 10.1109/TVCG.2016.2599043  c 3.png,bio800.png,I906,http://web.cse.ohio-state.edu/~li.8950/data/image/bio768/bio800.png,1,34,30,11,217,I906,0.5312,0.0482,bio800.png,1.74084941,2,906,25,75,3.4697,1.9062,4.8528,160,160
2013 Zhao 10.1109/TVCG.2013.135 c 1.png,bio636.png,I875,http://web.cse.ohio-state.edu/~li.8950/data/image/bio768/bio636.png,1,41,23,20,215,I875,0.6406,0.0851,bio636.png,1.731624483,2,875,21,70,3.8698,6.2507,6.6008,129,129
2017 Quan 10.1109/TVCG.2017.2744078 c 1.png,bio880.png,I924,http://web.cse.ohio-state.edu/~li.8950/data/image/bio768/bio880.png,1,40,27,16,215,I924,0.597,0.0693,bio880.png,1.726614192,2,924,31,78,2.1464,4.1257,6.7679,178,178
2015 Marino 10.1109/TVCG.2015.2467413 c 11.png,bio750.png,I898,http://web.cse.ohio-state.edu/~li.8950/data/image/bio768/bio750.png,1,43,13,36,187,I898,0.7679,0.1614,bio750.png,1.720668819,2,898,25,81,3.4449,2.2731,3.3081,152,152
2011 Chen 10.1109/TVCG.2011.164 c 3.png,bio398.png,I828,http://web.cse.ohio-state.edu/~li.8950/data/image/bio768/bio398.png,1,43,25,20,214,I828,0.6324,0.0855,bio398.png,1.707214237,2,828,17,65,1.5053,4.9572,4.6146,82,82
2010 Saad 10.1109/TVCG.2010.152 c 2.png,bio352.png,I817,http://web.cse.ohio-state.edu/~li.8950/data/image/bio768/bio352.png,1,34,23,17,219,I817,0.5965,0.072,bio352.png,1.705354311,2,817,18,61,1.7721,4.0262,4.4676,71,71
2008 Soni 10.1109/TVCG.2008.183 c 10.png,bio117.png,I766,http://web.cse.ohio-state.edu/~li.8950/data/image/bio768/bio117.png,1,36,29,14,220,I766,0.5538,0.0598,bio117.png,1.691722709,2,766,20,72,4.3489,6.0387,10.3695,20,20
2011 Ruiz 10.1109/TVCG.2011.173 c 3.png,bio487.png,I842,http://web.cse.ohio-state.edu/~li.8950/data/image/bio768/bio487.png,1,41,23,21,207,I842,0.6406,0.0921,bio487.png,1.68799676,2,842,21,62,2.2876,6.2941,8.1914,96,96
2011 Giusti 10.1109/TVCG.2011.168 c 1.png,bio428.png,I833,http://web.cse.ohio-state.edu/~li.8950/data/image/bio768/bio428.png,1,26,43,5,215,I833,0.3768,0.0227,bio428.png,1.687033351,2,833,22,61,1.8641,7.4147,6.6581,87,87
2008 Mayerich 10.1109/TVCG.2008.179 c 10.png,bio81.png,I762,http://web.cse.ohio-state.edu/~li.8950/data/image/bio768/bio81.png,1,31,48,6,231,I762,0.3924,0.0253,bio81.png,1.681787357,2,762,19,61,2.3127,6.1282,11.5005,16,16
2011 Chen 10.1109/TVCG.2011.164 c 7.png,bio402.png,I829,http://web.cse.ohio-state.edu/~li.8950/data/image/bio768/bio402.png,1,41,23,23,215,I829,0.6406,0.0966,bio402.png,1.661233822,2,829,10,81,1.4814,3.9928,7.086,83,83
2009 Chen 10.1109/TVCG.2009.112 c 1.png,bio163.png,I775,http://web.cse.ohio-state.edu/~li.8950/data/image/bio768/bio163.png,1,24,29,8,197,I775,0.4528,0.039,bio163.png,1.64382006,2,775,10,71,3.4754,4.2446,9.7195,29,29
2010 Jeong 10.1109/TVCG.2010.168 c 2.png,bio305.png,I806,http://web.cse.ohio-state.edu/~li.8950/data/image/bio768/bio305.png,1,29,41,8,243,I806,0.4143,0.0319,bio305.png,1.637077443,2,806,13,61,2.7465,6.6489,14.1843,60,60
2013 Gurijala 10.1109/TVCG.2013.139 c 4.png,bio581.png,I863,http://web.cse.ohio-state.edu/~li.8950/data/image/bio768/bio581.png,1,38,20,25,205,I863,0.6552,0.1087,bio581.png,1.632869197,2,863,10,61,1.3673,5.7673,9.4878,117,117
2016 Jönsson 10.1109/TVCG.2016.2598430 c 3.png,bio779.png,I903,http://web.cse.ohio-state.edu/~li.8950/data/image/bio768/bio779.png,1,32,34,11,220,I903,0.4848,0.0476,bio779.png,1.630473281,2,903,9,75,2.9329,5.377,7.1946,157,157
2015 Lawonn 10.1109/TVCG.2015.2467961 c 8.png,bio746.png,I896,http://web.cse.ohio-state.edu/~li.8950/data/image/bio768/bio746.png,1,24,44,5,218,I896,0.3529,0.0224,bio746.png,1.6290247,2,896,5,71,4.8287,6.0389,7.7407,150,150
2012 Gurijala 10.1109/TVCG.2012.210 c 3.png,bio522.png,I851,http://web.cse.ohio-state.edu/~li.8950/data/image/bio768/bio522.png,1,42,29,19,214,I851,0.5915,0.0815,bio522.png,1.626457761,2,851,10,69,2.9781,4.8483,9.4986,105,105
2011 Rieder 10.1109/TVCG.2011.207 c 4.png,bio482.png,I841,http://web.cse.ohio-state.edu/~li.8950/data/image/bio768/bio482.png,1,29,41,8,233,I841,0.4143,0.0332,bio482.png,1.619216306,2,841,8,61,3.273,6.3595,5.5364,95,95
2008 Correa 10.1109/TVCG.2008.162 c 6.png,bio30.png,I754,http://web.cse.ohio-state.edu/~li.8950/data/image/bio768/bio30.png,1,40,42,12,229,I754,0.4878,0.0498,bio30.png,1.616210288,3,754,3,61,4.2456,4.6469,6.5704,8,8
2013 Köhler 10.1109/TVCG.2013.189 c 6.png,bio606.png,I869,http://web.cse.ohio-state.edu/~li.8950/data/image/bio768/bio606.png,1,46,18,34,192,I869,0.7188,0.1504,bio606.png,1.613999726,3,869,5,61,5.6614,6.6944,8.1431,123,123
2017 Mohammed 10.1109/TVCG.2017.2744278 c 2.png,bio872.png,I923,http://web.cse.ohio-state.edu/~li.8950/data/image/bio768/bio872.png,1,33,35,12,221,I923,0.4853,0.0515,bio872.png,1.593624643,3,923,5,61,6.3151,6.8672,11.1438,177,177
2014 Kretschmer 10.1109/TVCG.2014.2346405 c 1.png,bio686.png,I884,http://web.cse.ohio-state.edu/~li.8950/data/image/bio768/bio686.png,1,31,24,18,219,I884,0.5636,0.0759,bio686.png,1.593305335,3,884,6,78,4.2905,6.1559,9.7372,138,138
2013 Köhler 10.1109/TVCG.2013.189 c 3.png,bio603.png,I867,http://web.cse.ohio-state.edu/~li.8950/data/image/bio768/bio603.png,1,37,23,22,202,I867,0.6167,0.0982,bio603.png,1.588701415,3,867,1,61,6.0435,7.0225,8.3034,121,121
2009 Kindlmann 10.1109/TVCG.2009.177 c 1.png,bio242.png,I794,http://web.cse.ohio-state.edu/~li.8950/data/image/bio768/bio242.png,1,22,45,5,229,I794,0.3284,0.0214,bio242.png,1.58132092,3,794,3,64,6.2834,5.7692,11.7911,48,48
2011 Suter 10.1109/TVCG.2011.214 c 3.png,bio502.png,I846,http://web.cse.ohio-state.edu/~li.8950/data/image/bio768/bio502.png,1,22,41,6,233,I846,0.3492,0.0251,bio502.png,1.570774638,3,846,4,61,4.5921,6.8218,10.1538,100,100
2008 Krüger 10.1109/TVCG.2008.161 c 10.png,bio69.png,I761,http://web.cse.ohio-state.edu/~li.8950/data/image/bio768/bio69.png,1,21,52,4,236,I761,0.2877,0.0167,bio69.png,1.567125307,3,761,2,61,2.0854,6.695,6.6423,15,15
2012 Ip 10.1109/TVCG.2012.231 c 2.png,bio529.png,I853,http://web.cse.ohio-state.edu/~li.8950/data/image/bio768/bio529.png,1,45,32,21,216,I853,0.5844,0.0886,bio529.png,1.562589321,3,853,0,63,3.101,5.1415,6.9226,107,107
2014 Kretschmer 10.1109/TVCG.2014.2346405 c 6.png,bio691.png,I885,http://web.cse.ohio-state.edu/~li.8950/data/image/bio768/bio691.png,1,23,32,9,225,I885,0.4182,0.0385,bio691.png,1.561863957,3,885,1,61,4.0797,5.7595,8.7841,139,139
2009 Bruckner 10.1109/TVCG.2009.121 c 2.png,bio158.png,I773,http://web.cse.ohio-state.edu/~li.8950/data/image/bio768/bio158.png,1,28,41,9,241,I773,0.4058,0.036,bio158.png,1.560755671,3,773,3,61,3.0473,5.8574,7.7745,27,27
2011 Koehler 10.1109/TVCG.2011.260 c 13.png,bio445.png,I835,http://web.cse.ohio-state.edu/~li.8950/data/image/bio768/bio445.png,1,36,23,24,215,I835,0.6102,0.1004,bio445.png,1.559116003,3,835,3,61,3.7465,2.7779,4.7473,89,89
2015 Lawonn 10.1109/TVCG.2015.2467961 c 9.png,bio747.png,I897,http://web.cse.ohio-state.edu/~li.8950/data/image/bio768/bio747.png,1,29,29,14,217,I897,0.5,0.0606,bio747.png,1.549756381,3,897,0,63,4.7552,4.6461,7.851,151,151
2013 Köhler 10.1109/TVCG.2013.189 c 2.png,bio602.png,I866,http://web.cse.ohio-state.edu/~li.8950/data/image/bio768/bio602.png,1,42,19,33,194,I866,0.6885,0.1454,bio602.png,1.547971294,3,866,1,61,4.5266,6.2892,5.5405,120,120
2009 Jeong 10.1109/TVCG.2009.178 c 6.png,bio228.png,I787,http://web.cse.ohio-state.edu/~li.8950/data/image/bio768/bio228.png,1,29,28,15,215,I787,0.5088,0.0652,bio228.png,1.534586525,3,787,1,61,5.1556,6.6213,11.7329,41,41
2011 Zou 10.1109/TVCG.2011.171 c 2.png,bio505.png,I847,http://web.cse.ohio-state.edu/~li.8950/data/image/bio768/bio505.png,1,27,31,13,231,I847,0.4655,0.0533,bio505.png,1.527078757,3,847,0,61,3.8232,5.7122,4.9858,101,101
2012 Ip 10.1109/TVCG.2012.231 c 5.png,bio532.png,I854,http://web.cse.ohio-state.edu/~li.8950/data/image/bio768/bio532.png,1,30,39,11,231,I854,0.4348,0.0455,bio532.png,1.525979546,3,854,3,61,2.6215,5.838,4.3645,108,108
2015 Marino 10.1109/TVCG.2015.2467413 c 12.png,bio751.png,I899,http://web.cse.ohio-state.edu/~li.8950/data/image/bio768/bio751.png,1,28,33,13,237,I899,0.459,0.052,bio751.png,1.522810042,3,899,0,70,4.1151,2.8149,5.7303,153,153
2009 Keefe 10.1109/TVCG.2009.152 c 3.png,bio240.png,I792,http://web.cse.ohio-state.edu/~li.8950/data/image/bio768/bio240.png,1,38,23,28,209,I792,0.623,0.1181,bio240.png,1.497907851,3,792,2,61,3.5529,5.0188,8.0497,46,46
2009 Brecheisen 10.1109/TVCG.2009.170 c 2.png,bio152.png,I772,http://web.cse.ohio-state.edu/~li.8950/data/image/bio768/bio152.png,1,28,42,10,232,I772,0.4,0.0413,bio152.png,1.482448397,3,772,0,66,3.1667,7.4794,6.0858,26,26
2009 Kindlmann 10.1109/TVCG.2009.177 c 7.png,bio248.png,I796,http://web.cse.ohio-state.edu/~li.8950/data/image/bio768/bio248.png,1,23,45,7,229,I796,0.3382,0.0297,bio248.png,1.467840392,3,796,0,61,3.8826,4.4384,9.0808,50,50
2015 Abbasloo 10.1109/TVCG.2015.2467031 c 4.png,bio717.png,I890,http://web.cse.ohio-state.edu/~li.8950/data/image/bio768/bio717.png,1,30,37,13,219,I890,0.4478,0.056,bio717.png,1.458045945,3,890,1,61,1.3908,5.0064,4.7663,144,144
2011 Dick 10.1109/TVCG.2011.189 c 8.png,bio416.png,I831,http://web.cse.ohio-state.edu/~li.8950/data/image/bio768/bio416.png,1,38,29,24,218,I831,0.5672,0.0992,bio416.png,1.4553734,3,831,2,61,3.7545,4.3314,5.7124,85,85
2014 Berge 10.1109/TVCG.2014.2346317 c 3.png,bio645.png,I876,http://web.cse.ohio-state.edu/~li.8950/data/image/bio768/bio645.png,1,36,23,26,189,I876,0.6102,0.1209,bio645.png,1.450339879,3,876,0,61,2.933,5.1765,6.8511,130,130
2009 Smelyanskiy 10.1109/TVCG.2009.164 c 3.png,bio260.png,I799,http://web.cse.ohio-state.edu/~li.8950/data/image/bio768/bio260.png,1,30,31,17,221,I799,0.4918,0.0714,bio260.png,1.444887542,3,799,0,61,1.7242,5.1701,10.5982,53,53
2013 Ehlke 10.1109/TVCG.2013.159 c 5.png,bio575.png,I862,http://web.cse.ohio-state.edu/~li.8950/data/image/bio768/bio575.png,1,38,21,32,193,I862,0.6441,0.1422,bio575.png,1.439927065,3,862,0,64,2.1128,4.585,4.0015,116,116
2008 Joshi 10.1109/TVCG.2008.123 c 10.png,bio42.png,I757,http://web.cse.ohio-state.edu/~li.8950/data/image/bio768/bio42.png,1,15,26,8,205,I757,0.3659,0.0376,bio42.png,1.436510466,3,757,0,61,1.9294,7.1744,5.1875,11,11
2011 Ruiz 10.1109/TVCG.2011.173 c 9.png,bio493.png,I844,http://web.cse.ohio-state.edu/~li.8950/data/image/bio768/bio493.png,1,42,25,32,204,I844,0.6269,0.1356,bio493.png,1.423957289,3,844,0,61,2.0975,6.456,3.8684,98,98
2009 Smelyanskiy 10.1109/TVCG.2009.164 c 4.png,bio261.png,I800,http://web.cse.ohio-state.edu/~li.8950/data/image/bio768/bio261.png,1,37,19,38,203,I800,0.6607,0.1577,bio261.png,1.418329942,3,800,0,61,1.8502,5.5254,9.9514,54,54
2010 Zhang 10.1109/TVCG.2010.221 c 7.png,bio394.png,I827,http://web.cse.ohio-state.edu/~li.8950/data/image/bio768/bio394.png,1,25,46,9,239,I827,0.3521,0.0363,bio394.png,1.415680088,3,827,0,61,2.7789,7.6024,9.748,81,81
2011 Dick 10.1109/TVCG.2011.189 c 2.png,bio410.png,I830,http://web.cse.ohio-state.edu/~li.8950/data/image/bio768/bio410.png,1,41,16,48,187,I830,0.7193,0.2043,bio410.png,1.407123125,3,830,0,61,4.3333,4.5046,5.5473,84,84
2012 Läthén 10.1109/TVCG.2012.203 c 1.png,bio537.png,I856,http://web.cse.ohio-state.edu/~li.8950/data/image/bio768/bio537.png,1,28,39,12,212,I856,0.4179,0.0536,bio537.png,1.403638251,3,856,0,61,3.2956,2.9314,4.0559,110,110
2010 Praßni 10.1109/TVCG.2010.208 c 7.png,bio347.png,I813,http://web.cse.ohio-state.edu/~li.8950/data/image/bio768/bio347.png,1,24,41,10,232,I813,0.3692,0.0413,bio347.png,1.401822589,3,813,0,61,3.4725,6.9141,5.9865,67,67
2011 Koehler 10.1109/TVCG.2011.260 c 8.png,bio458.png,I838,http://web.cse.ohio-state.edu/~li.8950/data/image/bio768/bio458.png,1,29,21,27,207,I838,0.58,0.1154,bio458.png,1.400194113,3,838,0,61,5.4008,5.2975,9.3996,92,92
2012 Läthén 10.1109/TVCG.2012.203 c 12.png,bio540.png,I857,http://web.cse.ohio-state.edu/~li.8950/data/image/bio768/bio540.png,1,26,35,14,232,I857,0.4262,0.0569,bio540.png,1.395284314,3,857,0,61,2.0118,6.2845,5.0587,111,111
2010 Praßni 10.1109/TVCG.2010.208 c 9.png,bio349.png,I814,http://web.cse.ohio-state.edu/~li.8950/data/image/bio768/bio349.png,1,33,26,25,207,I814,0.5593,0.1078,bio349.png,1.387507771,3,814,0,61,2.8712,6.5803,5.5528,68,68
2014 Lindow 10.1109/TVCG.2014.2346404 c 1.png,bio698.png,I886,http://web.cse.ohio-state.edu/~li.8950/data/image/bio768/bio698.png,1,31,26,26,225,I886,0.5439,0.1036,bio698.png,1.371566178,3,886,0,61,3.8466,5.0287,5.9458,140,140
2013 Kretschmer 10.1109/TVCG.2013.169 c 8.png,bio621.png,I871,http://web.cse.ohio-state.edu/~li.8950/data/image/bio768/bio621.png,1,27,33,16,222,I871,0.45,0.0672,bio621.png,1.371312743,3,871,0,61,3.0665,3.3494,8.9627,125,125
2010 Zeng 10.1109/TVCG.2010.200 c 6.png,bio384.png,I825,http://web.cse.ohio-state.edu/~li.8950/data/image/bio768/bio384.png,1,44,22,42,192,I825,0.6667,0.1795,bio384.png,1.348091217,3,825,0,61,1.4268,5.3118,7.8769,79,79
2009 Chen 10.1109/TVCG.2009.203 c 4.png,bio179.png,I778,http://web.cse.ohio-state.edu/~li.8950/data/image/bio768/bio179.png,1,31,31,22,218,I778,0.5,0.0917,bio179.png,1.33035905,3,778,0,61,2.3416,4.122,7.7833,32,32
2011 Khlebnikov 10.1109/TVCG.2011.184 c 3.png,bio440.png,I834,http://web.cse.ohio-state.edu/~li.8950/data/image/bio768/bio440.png,1,28,44,13,221,I834,0.3889,0.0556,bio440.png,1.310635407,3,834,0,61,1.5341,4.0435,3.7242,88,88
2017 Hadwiger 10.1109/TVCG.2017.2744238 c 5.png,bio829.png,I912,http://web.cse.ohio-state.edu/~li.8950/data/image/bio768/bio829.png,1,29,36,18,224,I912,0.4462,0.0744,bio829.png,1.30851511,3,912,0,61,2.0272,7.3183,4.9241,166,166
2015 Marino 10.1109/TVCG.2015.2467413 c 4.png,bio755.png,I900,http://web.cse.ohio-state.edu/~li.8950/data/image/bio768/bio755.png,1,51,21,56,191,I900,0.7083,0.2267,bio755.png,1.298183944,3,900,0,61,2.8537,1.8773,2.6507,154,154
2008 Meyer-Spradow 10.1109/TVCG.2008.136 c 8.png,bio104.png,I764,http://web.cse.ohio-state.edu/~li.8950/data/image/bio768/bio104.png,1,38,19,46,189,I764,0.6667,0.1957,bio104.png,1.287900196,3,764,0,61,4.6953,5.3371,7.0697,18,18
2014 Glaßer 10.1109/TVCG.2014.2346406 c 10.png,bio667.png,I880,http://web.cse.ohio-state.edu/~li.8950/data/image/bio768/bio667.png,1,33,32,23,200,I880,0.5077,0.1031,bio667.png,1.283385898,3,880,0,61,3.9102,7.0471,7.4905,134,134
2017 Bock 10.1109/TVCG.2017.2743980 c 1.png,bio812.png,I908,http://web.cse.ohio-state.edu/~li.8950/data/image/bio768/bio812.png,1,30,25,29,203,I908,0.5455,0.125,bio812.png,1.264649358,4,908,0,61,2.6399,4.7816,10.1478,162,162
2014 Lindow 10.1109/TVCG.2014.2346404 c 7.png,bio704.png,I888,http://web.cse.ohio-state.edu/~li.8950/data/image/bio768/bio704.png,1,37,32,27,197,I888,0.5362,0.1205,bio704.png,1.263355784,4,888,0,61,3.0463,5.0391,6.1243,142,142
2008 Hua 10.1109/TVCG.2008.134 c 3.png,bio40.png,I755,http://web.cse.ohio-state.edu/~li.8950/data/image/bio768/bio40.png,1,30,42,17,214,I755,0.4167,0.0736,bio40.png,1.239149864,4,755,0,61,2.87,5.7295,10.1686,9,9
2008 Joshi 10.1109/TVCG.2008.123 c 1.png,bio41.png,I756,http://web.cse.ohio-state.edu/~li.8950/data/image/bio768/bio41.png,1,43,29,39,203,I756,0.5972,0.1612,bio41.png,1.235644205,4,756,0,61,2.4196,5.6197,7.0575,10,10
2008 Caban 10.1109/TVCG.2008.169 c 8.png,bio18.png,I751,http://web.cse.ohio-state.edu/~li.8950/data/image/bio768/bio18.png,1,31,32,25,210,I751,0.4921,0.1064,bio18.png,1.226099366,4,751,0,61,1.9168,4.0394,10.7854,5,5
2017 Mohammed 10.1109/TVCG.2017.2744278 c 10.png,bio866.png,I922,http://web.cse.ohio-state.edu/~li.8950/data/image/bio768/bio866.png,1,31,40,20,219,I922,0.4366,0.0837,bio866.png,1.221011297,4,922,0,61,6.7854,5.5755,10.0341,176,176
2015 Oeltze-Jafra 10.1109/TVCG.2015.2467203 c 11.png,bio761.png,I901,http://web.cse.ohio-state.edu/~li.8950/data/image/bio768/bio761.png,1,19,44,10,229,I901,0.3016,0.0418,bio761.png,1.210365203,4,901,0,61,5.0858,7.3107,9.5476,155,155
2014 Hu 10.1109/TVCG.2014.2346457 c 6.png,bio683.png,I882,http://web.cse.ohio-state.edu/~li.8950/data/image/bio768/bio683.png,1,35,43,22,221,I882,0.4487,0.0905,bio683.png,1.208735894,4,882,0,61,2.284,5.8598,3.8932,136,136
2008 Tricoche 10.1109/TVCG.2008.148 c 3.png,bio135.png,I768,http://web.cse.ohio-state.edu/~li.8950/data/image/bio768/bio135.png,1,29,33,24,211,I768,0.4677,0.1021,bio135.png,1.18862343,4,768,0,61,3.0041,6.0893,9.2272,22,22
2012 Gurijala 10.1109/TVCG.2012.210 c 7.png,bio526.png,I852,http://web.cse.ohio-state.edu/~li.8950/data/image/bio768/bio526.png,1,20,32,17,216,I852,0.3846,0.073,bio526.png,1.160384867,4,852,0,61,1.7095,5.2492,8.1322,106,106
2008 Correa 10.1109/TVCG.2008.162 c 10.png,bio25.png,I753,http://web.cse.ohio-state.edu/~li.8950/data/image/bio768/bio25.png,1,26,23,31,188,I753,0.5306,0.1416,bio25.png,1.149936708,4,753,0,61,5.2631,6.1923,10.3847,7,7
2015 Lawonn 10.1109/TVCG.2015.2467961 c 2.png,bio740.png,I894,http://web.cse.ohio-state.edu/~li.8950/data/image/bio768/bio740.png,1,22,32,20,212,I894,0.4074,0.0862,bio740.png,1.130294326,4,894,0,61,3.2885,3.8691,6.0503,148,148
2009 Chen 10.1109/TVCG.2009.112 c 9.png,bio173.png,I776,http://web.cse.ohio-state.edu/~li.8950/data/image/bio768/bio173.png,1,35,19,56,190,I776,0.6481,0.2276,bio173.png,1.126969891,4,776,0,61,2.3275,5.0787,12.644,30,30
2009 Kindlmann 10.1109/TVCG.2009.177 c 5.png,bio246.png,I795,http://web.cse.ohio-state.edu/~li.8950/data/image/bio768/bio246.png,1,16,50,8,227,I795,0.2424,0.034,bio246.png,1.126403552,4,795,0,61,2.2677,7.0013,8.6552,49,49
2009 Ropinski 10.1109/TVCG.2009.169 c 1.png,bio253.png,I797,http://web.cse.ohio-state.edu/~li.8950/data/image/bio768/bio253.png,1,22,36,19,226,I797,0.3793,0.0776,bio253.png,1.114081988,4,797,0,61,1.9891,3.1337,4.3258,51,51
2009 Bruckner 10.1109/TVCG.2009.121 c 3.png,bio159.png,I774,http://web.cse.ohio-state.edu/~li.8950/data/image/bio768/bio159.png,1,23,33,22,217,I774,0.4107,0.0921,bio159.png,1.102189045,4,774,0,61,3.2813,6.3363,6.6155,28,28
2011 Zou 10.1109/TVCG.2011.171 c 4.png,bio506.png,I848,http://web.cse.ohio-state.edu/~li.8950/data/image/bio768/bio506.png,1,28,35,25,208,I848,0.4444,0.1073,bio506.png,1.101192764,4,848,0,0,3.6726,5.4663,6.0209,102,102
2017 Bock 10.1109/TVCG.2017.2743980 c 10.png,bio813.png,I909,http://web.cse.ohio-state.edu/~li.8950/data/image/bio768/bio813.png,1,31,26,38,198,I909,0.5439,0.161,bio813.png,1.100620303,4,909,0,0,2.0071,5.3223,11.6672,163,163
2008 Joshi 10.1109/TVCG.2008.150 c 8.png,bio66.png,I759,http://web.cse.ohio-state.edu/~li.8950/data/image/bio768/bio66.png,1,26,33,24,203,I759,0.4407,0.1057,bio66.png,1.100530357,4,759,0,0,1.5979,5.1841,6.9725,13,13
2015 Ai-Awami 10.1109/TVCG.2015.2467441 c 1.png,bio718.png,I891,http://web.cse.ohio-state.edu/~li.8950/data/image/bio768/bio718.png,1,24,47,16,224,I891,0.338,0.0667,bio718.png,1.082900539,4,891,0,0,4.2551,6.311,12.9809,145,145
2017 Bock 10.1109/TVCG.2017.2743980 c 6.png,bio821.png,I910,http://web.cse.ohio-state.edu/~li.8950/data/image/bio768/bio821.png,1,21,28,23,197,I910,0.4286,0.1045,bio821.png,1.076380344,4,910,0,0,2.3203,6.0836,12.0841,164,164
2009 Wan 10.1109/TVCG.2009.118 c 1.png,bio262.png,I801,http://web.cse.ohio-state.edu/~li.8950/data/image/bio768/bio262.png,1,32,35,29,196,I801,0.4776,0.1289,bio262.png,1.075428268,4,801,0,0,2.1662,6.6152,14.3098,55,55
2012 Läthén 10.1109/TVCG.2012.203 c 8.png,bio547.png,I858,http://web.cse.ohio-state.edu/~li.8950/data/image/bio768/bio547.png,1,19,40,15,221,I858,0.322,0.0636,bio547.png,1.063123578,4,858,0,0,5.9859,6.0194,11.9332,112,112
2011 Rieder 10.1109/TVCG.2011.207 c 2.png,bio480.png,I840,http://web.cse.ohio-state.edu/~li.8950/data/image/bio768/bio480.png,1,14,42,9,208,I840,0.25,0.0415,bio480.png,1.059048754,4,840,0,0,5.1652,5.0413,8.2277,94,94
2009 Dick 10.1109/TVCG.2009.184 c 8.png,bio213.png,I783,http://web.cse.ohio-state.edu/~li.8950/data/image/bio768/bio213.png,1,35,20,57,180,I783,0.6364,0.2405,bio213.png,1.053547665,4,783,0,0,1.3883,2.9347,5.2033,37,37
2011 Koehler 10.1109/TVCG.2011.260 c 14.png,bio446.png,I836,http://web.cse.ohio-state.edu/~li.8950/data/image/bio768/bio446.png,1,30,41,27,221,I836,0.4225,0.1089,bio446.png,1.036897235,4,836,0,0,3.4835,5.6455,9.3282,90,90
2009 Correa 10.1109/TVCG.2009.189 c 1.png,bio192.png,I781,http://web.cse.ohio-state.edu/~li.8950/data/image/bio768/bio192.png,1,20,38,19,226,I781,0.3448,0.0776,bio192.png,1.022003787,4,781,0,0,2.9298,5.7508,8.8794,35,35
2009 Jianu 10.1109/TVCG.2009.141 c 2.png,bio233.png,I791,http://web.cse.ohio-state.edu/~li.8950/data/image/bio768/bio233.png,1,37,33,42,194,I791,0.5286,0.178,bio233.png,0.994764912,4,791,0,0,2.9086,4.3094,10.4795,45,45
2008 Termeer 10.1109/TVCG.2008.180 c 4.png,bio131.png,I767,http://web.cse.ohio-state.edu/~li.8950/data/image/bio768/bio131.png,1,16,44,12,210,I767,0.2667,0.0541,bio131.png,0.983512194,4,767,0,0,3.9555,5.1764,6.4942,21,21
2008 Caban 10.1109/TVCG.2008.169 c 11.png,bio9.png,I748,http://web.cse.ohio-state.edu/~li.8950/data/image/bio768/bio9.png,1,20,41,18,212,I748,0.3279,0.0783,bio9.png,0.970880358,4,748,0,0,3.1598,6.2167,9.0412,2,2
2009 Demiralp 10.1109/TVCG.2009.125 c 8.png,bio205.png,I782,http://web.cse.ohio-state.edu/~li.8950/data/image/bio768/bio205.png,1,34,30,45,195,I782,0.5312,0.1875,bio205.png,0.965433255,4,782,0,0,4.6475,5.462,14.4455,36,36
2013 Auzinger 10.1109/TVCG.2013.215 c 4.png,bio563.png,I859,http://web.cse.ohio-state.edu/~li.8950/data/image/bio768/bio563.png,1,16,52,12,227,I859,0.2353,0.0502,bio563.png,0.921414363,4,859,0,0,2.9673,5.586,6.856,113,113
2017 Mindek 10.1109/TVCG.2017.2744518 c 1.png,bio852.png,I920,http://web.cse.ohio-state.edu/~li.8950/data/image/bio768/bio852.png,1,25,37,28,195,I920,0.4032,0.1256,bio852.png,0.902366676,4,920,0,0,3.9451,4.5555,5.8564,174,174
2014 Bista 10.1109/TVCG.2014.2346411 c 6.png,bio652.png,I877,http://web.cse.ohio-state.edu/~li.8950/data/image/bio768/bio652.png,1,24,32,33,197,I877,0.4286,0.1435,bio652.png,0.884786287,4,877,0,0,3.9463,5.9192,9.5512,131,131
2010 Guetat 10.1109/TVCG.2010.187 c 1.png,bio297.png,I805,http://web.cse.ohio-state.edu/~li.8950/data/image/bio768/bio297.png,1,19,40,20,198,I805,0.322,0.0917,bio297.png,0.868245648,4,805,0,0,4.662,4.4922,6.369,59,59
2009 Jeong 10.1109/TVCG.2009.178 c 9.png,bio231.png,I790,http://web.cse.ohio-state.edu/~li.8950/data/image/bio768/bio231.png,1,10,41,10,224,I790,0.1961,0.0427,bio231.png,0.864544034,4,790,0,0,2.3611,4.9265,7.858,44,44
2012 Gasteiger 10.1109/TVCG.2012.202 c 5.png,bio519.png,I850,http://web.cse.ohio-state.edu/~li.8950/data/image/bio768/bio519.png,1,16,39,18,209,I850,0.2909,0.0793,bio519.png,0.85903837,4,850,0,0,2.8899,7.6808,4.4521,104,104
2008 Caban 10.1109/TVCG.2008.169 c 7.png,bio17.png,I750,http://web.cse.ohio-state.edu/~li.8950/data/image/bio768/bio17.png,1,8,45,7,220,I750,0.1509,0.0308,bio17.png,0.836582958,4,750,0,0,2.4865,5.7177,8.8932,4,4
2008 Caban 10.1109/TVCG.2008.169 c 5.png,bio15.png,I749,http://web.cse.ohio-state.edu/~li.8950/data/image/bio768/bio15.png,1,20,51,20,225,I749,0.2817,0.0816,bio15.png,0.816590808,4,749,0,0,3.6131,6.0376,9.7112,3,3
2011 Gasteiger 10.1109/TVCG.2011.243 c 6.png,bio424.png,I832,http://web.cse.ohio-state.edu/~li.8950/data/image/bio768/bio424.png,1,25,35,39,194,I832,0.4167,0.1674,bio424.png,0.754147668,4,832,0,0,3.0024,7.4648,9.48,86,86
2010 Saad 10.1109/TVCG.2010.152 c 5.png,bio355.png,I818,http://web.cse.ohio-state.edu/~li.8950/data/image/bio768/bio355.png,1,16,53,16,213,I818,0.2319,0.0699,bio355.png,0.743932233,4,818,0,0,1.6129,3.2278,6.595,72,72
2015 Lawonn 10.1109/TVCG.2015.2467961 c 5.png,bio743.png,I895,http://web.cse.ohio-state.edu/~li.8950/data/image/bio768/bio743.png,1,22,43,30,206,I895,0.3385,0.1271,bio743.png,0.7236468,4,895,0,0,3.6659,4.6471,8.6649,149,149
2010 Saad 10.1109/TVCG.2010.152 c 10.png,bio350.png,I815,http://web.cse.ohio-state.edu/~li.8950/data/image/bio768/bio350.png,1,18,44,24,212,I815,0.2903,0.1017,bio350.png,0.71941583,4,815,0,0,1.5515,4.0171,5.9727,69,69
2016 Meuschke 10.1109/TVCG.2016.2598795 c 3.png,bio784.png,I904,http://web.cse.ohio-state.edu/~li.8950/data/image/bio768/bio784.png,1,14,42,26,207,I904,0.25,0.1116,bio784.png,0.543573336,4,904,0,0,2.579,3.2177,4.3621,158,158